,Unnamed: 0,Unnamed: 0.1,Unnamed: 0.1.1,CEP,Aprovado,Reprovado,lat,long,inice
0,0,0,0,0,162,127,44.200796999999994,24.502298100000004,0.5605536332179931
1,1,1,1,59290000,64,45,,,0.5871559633027523
2,2,2,2,59570000,49,37,,,0.5697674418604651
3,3,3,3,59550000,43,10,-5.4430888999999985,-35.87161370000001,0.8113207547169812
4,4,4,4,59280000,31,35,-5.8949346999999985,-35.4343604,0.4696969696969697
5,5,5,5,59700000,28,2,-5.6455578,-37.8512309,0.9333333333333332
6,6,6,6,59152600,20,7,-5.8891056,-35.2081512,0.7407407407407407
7,7,7,7,59650000,20,5,-5.4652715,-37.0400339,0.8
8,8,8,8,59347000,19,8,,,0.7037037037037037
9,9,9,9,59151250,17,10,-5.873117700000001,-35.215692,0.6296296296296297
10,10,10,10,59360000,16,4,-6.7180078,-36.6525696,0.8
11,11,11,11,59151400,16,4,,,0.8
12,12,12,12,59575000,16,23,-5.676539900000001,-35.2807624,0.41025641025641024
13,13,13,13,59082160,14,1,-5.8637315,-35.19513679999999,0.9333333333333332
14,14,14,14,59380000,14,14,-6.238218,-36.4797126,0.5
15,15,15,15,59585000,14,0,-5.1895859,-35.76252410000001,1.0
16,16,16,16,59590000,14,4,-5.2014353999999985,-36.11108,0.7777777777777778
17,17,17,17,59330000,14,0,-6.0570863999999975,-36.9970831,1.0
18,18,18,18,59400000,13,6,,,0.6842105263157895
19,19,19,19,59300000,13,5,-6.469643899999999,-37.0829593,0.7222222222222222
20,20,20,20,59200000,13,12,,,0.52
21,21,21,21,59064500,13,6,,,0.6842105263157895
22,22,22,22,59190000,13,8,-6.3930308999999985,-35.19286339999999,0.6190476190476191
23,23,23,23,59151427,13,5,-5.8920029000000005,-35.2031309,0.7222222222222222
24,24,24,24,59080115,13,5,-5.8549375999999995,-35.2080175,0.7222222222222222
25,25,25,25,59182000,12,10,-6.0912649000000005,-35.4124355,0.5454545454545454
26,26,26,26,59020030,12,5,-5.7839057999999985,-35.200545399999996,0.7058823529411765
27,27,27,27,59162000,12,9,-6.0301136,-35.2807624,0.5714285714285714
28,28,28,28,59173000,12,9,-6.2858448,-35.19286339999999,0.5714285714285714
29,29,29,29,59374000,12,5,-6.567938400000001,-36.5445805,0.7058823529411765
30,30,30,30,59115190,11,11,-5.7613328,-35.281974,0.5
31,31,31,31,59022500,11,4,-5.8005578999999985,-35.202689299999996,0.7333333333333333
32,32,32,32,59500000,11,4,-5.1942574,-36.4797126,0.7333333333333333
33,33,33,33,59150666,10,1,-5.881965,-35.2167874,0.9090909090909092
34,34,34,34,59152820,10,8,-5.8871139999999995,-35.213128499999996,0.5555555555555556
35,35,35,35,59072150,10,5,-5.8274190999999975,-35.2497287,0.6666666666666666
36,36,36,36,59150500,10,7,,,0.5882352941176471
37,37,37,37,59112430,10,4,-5.7505465,-35.2589518,0.7142857142857143
38,38,38,38,59460000,10,4,-5.9237912,-35.76252410000001,0.7142857142857143
39,39,39,39,59149150,9,6,-5.8836954000000015,-35.2500409,0.6
40,40,40,40,59070340,9,3,-5.8276785,-35.23680820000001,0.75
41,41,41,41,59040240,9,4,-5.7935172999999995,-35.22313629999999,0.6923076923076923
42,42,42,42,59106114,9,10,,,0.4736842105263158
43,43,43,43,59140200,9,0,-5.9206807999999995,-35.2623635,1.0
44,44,44,44,59149390,9,1,-5.880249,-35.2494836,0.9
45,45,45,45,59151410,9,5,,,0.6428571428571429
46,46,46,46,59810000,9,2,-6.028499099999999,-37.9996401,0.8181818181818182
47,47,47,47,59310000,9,4,-6.6888318999999985,-37.1901616,0.6923076923076923
48,48,48,48,59518000,9,4,-5.8393161,-36.8895956,0.6923076923076923
49,49,49,49,59255000,9,5,-6.3333417,-35.5000999,0.6428571428571429
50,50,50,50,59900000,9,2,-6.1178040000000005,-38.168855900000004,0.8181818181818182
51,51,51,51,59151480,9,4,-5.886791099999999,-35.20299160000001,0.6923076923076923
52,52,52,52,59270000,8,6,,,0.5714285714285714
53,53,53,53,59082180,8,6,-5.8650484999999986,-35.1934463,0.5714285714285714
54,54,54,54,59148323,8,5,-5.893140199999999,-35.2379803,0.6153846153846154
55,55,55,55,59125370,8,2,-5.7437214999999995,-35.2423058,0.8
56,56,56,56,59073250,8,6,-5.8548512000000015,-35.2559635,0.5714285714285714
57,57,57,57,59080480,7,4,-5.8603575,-35.20945850000001,0.6363636363636364
58,58,58,58,59086360,7,1,-5.8683894,-35.2123695,0.875
59,59,59,59,59091100,7,0,-5.8793568,-35.1955466,1.0
60,60,60,60,59086640,7,0,-5.867590799999999,-35.21047429999999,1.0
61,61,61,61,59088040,7,0,,,1.0
62,62,62,62,59094300,7,2,-5.8712936,-35.1844968,0.7777777777777778
63,63,63,63,59082100,7,13,,,0.35
64,64,64,64,59082070,7,1,,,0.875
65,65,65,65,59088150,7,2,,,0.7777777777777778
66,66,66,66,59082210,7,9,-5.8669341999999975,-35.1911372,0.4375
67,67,67,67,59080040,7,3,,,0.7
68,68,68,68,59080460,7,11,-5.8577641,-35.2111269,0.3888888888888889
69,69,69,69,59547000,7,4,-5.5166416,-36.06759520000001,0.6363636363636364
70,70,70,70,59510000,7,0,-5.4643856,-36.5661908,1.0
71,71,71,71,59078050,7,0,,,1.0
72,72,72,72,59075190,7,5,-5.8252624000000015,-35.2076484,0.5833333333333334
73,73,73,73,59073272,7,2,,,0.7777777777777778
74,74,74,74,59072570,7,0,-5.8325895,-35.242999499999996,1.0
75,75,75,75,59628550,7,0,,,1.0
76,76,76,76,59071300,7,2,,,0.7777777777777778
77,77,77,77,59071140,7,0,,,1.0
78,78,78,78,59064390,7,3,-5.8308646999999985,-35.2196705,0.7
79,79,79,79,59094550,7,0,,,1.0
80,80,80,80,59108245,7,2,,,0.7777777777777778
81,81,81,81,59104212,7,4,-5.7711532,-35.26590179999999,0.6363636363636364
82,82,82,82,59144375,7,0,-5.9462607000000025,-35.2750797,1.0
83,83,83,83,59151610,7,2,,,0.7777777777777778
84,84,84,84,59150600,7,0,-5.880031199999999,-35.2195599,1.0
85,85,85,85,59150570,7,0,-5.8775692,-35.2200352,1.0
86,86,86,86,59215970,7,4,,,0.6363636363636364
87,87,87,87,59150350,7,0,-5.8809209000000005,-35.21346120000001,1.0
88,88,88,88,59150220,7,4,,,0.6363636363636364
89,89,89,89,59149403,7,0,,,1.0
90,90,90,90,59062195,7,0,-5.812823499999999,-35.2298125,1.0
91,91,91,91,59148783,7,3,,,0.7
92,92,92,92,59148450,7,0,-5.8905667999999975,-35.232726,1.0
93,93,93,93,59146810,7,0,-5.8993288,-35.269282200000006,1.0
94,94,94,94,59145810,7,0,-5.9091344,-35.2747719,1.0
95,95,95,95,59140710,7,1,-5.9275218,-35.26799279999999,0.875
96,96,96,96,59106090,7,0,-5.7664879,-35.2699866,1.0
97,97,97,97,59125335,7,1,,,0.875
98,98,98,98,59124090,7,2,-5.752227099999999,-35.2453869,0.7777777777777778
99,99,99,99,59124000,7,0,-5.7449214999999985,-35.2506296,1.0
100,100,100,100,59123700,7,2,-5.7360343,-35.2484241,0.7777777777777778
101,101,101,101,59122495,7,0,-5.750007900000001,-35.2257875,1.0
102,102,102,102,59122390,7,0,-5.7521195,-35.236289899999996,1.0
103,103,103,103,59115555,7,0,,,1.0
104,104,104,104,59324000,7,0,-6.3309242,-37.2758086,1.0
105,105,105,105,59114253,7,2,-5.7420026,-35.2760376,0.7777777777777778
106,106,106,106,59343000,7,3,,,0.7
107,107,107,107,59151240,7,0,,,1.0
108,108,108,108,59440000,7,0,-6.086917099999999,-35.93699520000001,1.0
109,109,109,109,59062570,7,4,-5.820260999999999,-35.2155139,0.6363636363636364
110,110,110,110,59110400,7,2,-5.753230900000001,-35.2544521,0.7777777777777778
111,111,111,111,59042050,7,0,,,1.0
112,112,112,112,51011480,7,4,-8.0983359,-34.8861792,0.6363636363636364
113,113,113,113,59014040,7,4,-5.7845125999999985,-35.19323629999999,0.6363636363636364
114,114,114,114,59056180,7,3,-5.8172266,-35.2068032,0.7
115,115,115,115,5163000,7,0,,,1.0
116,116,116,116,59054220,7,0,-5.8143709,-35.214206,1.0
117,117,117,117,59032158,7,0,-5.8053685999999995,-35.216412,1.0
118,118,118,118,59030470,7,0,-5.7976847000000005,-35.2092659,1.0
119,119,119,119,59054530,7,0,-5.8138789000000015,-35.216546,1.0
120,120,120,120,6321200,7,2,,,0.7777777777777778
121,121,121,121,59022530,7,0,-5.8038906,-35.2057677,1.0
122,122,122,122,59056140,7,6,-5.8149137999999985,-35.2025253,0.5384615384615384
123,123,123,123,18150000,7,0,-23.810752800000003,-47.1752123,1.0
124,124,124,124,35700416,7,0,-19.445939199999998,-44.2526881,1.0
125,125,125,125,59054620,6,0,-5.8101809000000015,-35.21507589999999,1.0
126,126,126,126,59090190,6,1,-5.880117,-35.17483,0.8571428571428571
127,127,127,127,59012200,6,1,-5.77501,-35.20413939999999,0.8571428571428571
128,128,128,128,59086650,6,4,-5.871650700000001,-35.2100811,0.6
129,129,129,129,59584000,6,1,-5.2573734000000005,-35.52200120000001,0.8571428571428571
130,130,130,130,59086320,6,0,,,1.0
131,131,131,131,59082370,6,1,-5.8701687000000025,-35.1919293,0.8571428571428571
132,132,132,132,59080470,6,7,,,0.4615384615384616
133,133,133,133,59054650,6,0,-5.812118700000001,-35.21223,1.0
134,134,134,134,59072580,6,6,-5.8329980999999975,-35.2425418,0.5
135,135,135,135,59073140,6,0,,,1.0
136,136,136,136,59078220,6,3,-5.8435026,-35.202444899999996,0.6666666666666666
137,137,137,137,59090620,6,6,-5.8854788000000005,-35.1689881,0.5
138,138,138,138,59078110,6,2,-5.8400745,-35.204712799999996,0.75
139,139,139,139,59054560,6,9,,,0.4
140,140,140,140,59075810,6,0,,,1.0
141,141,141,141,59090500,6,1,,,0.8571428571428571
142,142,142,142,59185000,6,1,-6.333841899999999,-35.379537,0.8571428571428571
143,143,143,143,1507000,6,0,,,1.0
144,144,144,144,59012570,6,10,,,0.375
145,145,145,145,59020400,6,0,-5.7874051,-35.2012323,1.0
146,146,146,146,59150160,6,5,,,0.5454545454545454
147,147,147,147,59149300,6,4,-5.8827023999999986,-35.2452865,0.6
148,148,148,148,59147495,6,0,-5.901867699999999,-35.27146079999999,1.0
149,149,149,149,59145760,6,0,-5.9114010000000015,-35.2758375,1.0
150,150,150,150,59145630,6,3,-5.912432,-35.2793711,0.6666666666666666
151,151,151,151,59141300,6,6,-5.921855499999999,-35.2780323,0.5
152,152,152,152,59140840,6,1,-5.919487300000001,-35.2669335,0.8571428571428571
153,153,153,153,59151903,6,7,,,0.4615384615384616
154,154,154,154,59140355,6,2,-5.9253754,-35.2624106,0.75
155,155,155,155,59030180,6,0,-5.7950960999999985,-35.2112894,1.0
156,156,156,156,59152070,6,7,,,0.4615384615384616
157,157,157,157,59132430,6,3,-5.7362438,-35.23696229999999,0.6666666666666666
158,158,158,158,59132310,6,4,-5.7336332,-35.237232,0.6
159,159,159,159,59131340,6,5,,,0.5454545454545454
160,160,160,160,59153150,6,2,-5.9080876,-35.192554799999996,0.75
161,161,161,161,59153155,6,2,,,0.75
162,162,162,162,59032240,6,0,-5.8089900000000005,-35.21172100000001,1.0
163,163,163,163,59120638,6,3,,,0.6666666666666666
164,164,164,164,59155410,6,0,-5.924265399999999,-35.2482221,1.0
165,165,165,165,59158150,6,4,,,0.6
166,166,166,166,59161050,6,0,,,1.0
167,167,167,167,59070140,6,2,-5.8224934999999975,-35.233292799999994,0.75
168,168,168,168,59612020,6,1,-5.174674400000002,-37.35689050000001,0.8571428571428571
169,169,169,169,59150300,6,3,-5.8802767,-35.211979,0.6666666666666666
170,170,170,170,59730000,6,1,-5.983596700000001,-37.70250120000001,0.8571428571428571
171,171,171,171,59066800,6,3,-5.8328693,-35.2130273,0.6666666666666666
172,172,172,172,59068130,6,2,-5.8596913,-35.2421799,0.75
173,173,173,173,59065030,6,4,,,0.6
174,174,174,174,59062530,6,3,-5.8210446,-35.2182153,0.6666666666666666
175,175,175,175,59067330,6,0,-5.8678588,-35.23135800000001,1.0
176,176,176,176,60025062,6,0,,,1.0
177,177,177,177,59064230,5,7,-5.8294326,-35.22617490000001,0.4166666666666667
178,178,178,178,59088310,5,2,-5.873927,-35.2045089,0.7142857142857143
179,179,179,179,59108300,5,0,-5.7647362,-35.25560460000001,1.0
180,180,180,180,59144276,5,7,-5.9380092000000015,-35.27889229999999,0.4166666666666667
181,181,181,181,59025400,5,3,-5.783862099999999,-35.2048064,0.625
182,182,182,182,59076725,5,1,,,0.8333333333333334
183,183,183,183,59078040,5,0,-5.8392594,-35.205117,1.0
184,184,184,184,59078410,5,0,-5.8448739000000005,-35.19799120000001,1.0
185,185,185,185,59145580,5,2,-5.9117422,-35.2782779,0.7142857142857143
186,186,186,186,59515000,5,4,-5.6029364,-36.5661908,0.5555555555555556
187,187,187,187,59052010,5,7,,,0.4166666666666667
188,188,188,188,59075260,5,3,-5.826397,-35.2018509,0.625
189,189,189,189,59050110,5,7,-5.8013675000000005,-35.23367639999999,0.4166666666666667
190,190,190,190,59141280,5,8,-5.9205235,-35.2785291,0.38461538461538464
191,191,191,191,59050350,5,2,-5.8101182,-35.230603,0.7142857142857143
192,192,192,192,59092200,5,6,-5.8775251,-35.1814221,0.4545454545454545
193,193,193,193,59075100,5,8,-5.8250980000000006,-35.2011519,0.38461538461538464
194,194,194,194,59155470,5,4,-5.924736999999999,-35.2515102,0.5555555555555556
195,195,195,195,59138180,5,5,-5.7341935999999984,-35.265050099999996,0.5
196,196,196,196,59139290,5,0,-5.7308891,-35.2663718,1.0
197,197,197,197,59067320,5,1,,,0.8333333333333334
198,198,198,198,59086005,5,2,-5.8633267,-35.21516589999999,0.7142857142857143
199,199,199,199,59120260,5,9,,,0.35714285714285715
200,200,200,200,59062350,5,0,-5.8178335,-35.2164071,1.0
201,201,201,201,59140500,5,8,,,0.38461538461538464
202,202,202,202,59014020,5,7,-5.784514700000001,-35.195037,0.4166666666666667
203,203,203,203,59215000,5,4,-6.4472391,-35.4124355,0.5555555555555556
204,204,204,204,59132030,5,3,,,0.625
205,205,205,205,59066020,5,0,-5.847900900000001,-35.2206949,1.0
206,206,206,206,59064320,5,8,-5.827489799999999,-35.2228273,0.38461538461538464
207,207,207,207,59022020,5,3,-5.7942532999999985,-35.2059814,0.625
208,208,208,208,59074590,5,0,-5.8255973,-35.2532193,1.0
209,209,209,209,59148760,5,3,-5.8835329000000005,-35.23813339999999,0.625
210,210,210,210,59064280,5,2,-5.8304594000000005,-35.228454299999996,0.7142857142857143
211,211,211,211,59072450,5,4,-5.8284053,-35.2445802,0.5555555555555556
212,212,212,212,59014100,5,1,,,0.8333333333333334
213,213,213,213,59149025,5,1,-5.8817736,-35.232819299999996,0.8333333333333334
214,214,214,214,59068720,5,0,,,1.0
215,215,215,215,59150815,5,0,-5.8828274999999985,-35.21033040000001,1.0
216,216,216,216,59153025,5,1,-5.8957747000000005,-35.2085091,0.8333333333333334
217,217,217,217,59149280,5,6,-5.8837584000000005,-35.242211,0.4545454545454545
218,218,218,218,59071080,5,1,,,0.8333333333333334
219,219,219,219,59090710,5,0,-5.8839904,-35.17752479999999,1.0
220,220,220,220,59070750,5,5,,,0.5
221,221,221,221,59020240,5,2,-5.7943137,-35.2020941,0.7142857142857143
222,222,222,222,59072800,5,0,-5.8334247999999995,-35.2420726,1.0
223,223,223,223,59082260,5,0,-5.8691206,-35.1882878,1.0
224,224,224,224,59074420,5,8,-5.827433,-35.253036,0.38461538461538464
225,225,225,225,59148360,5,0,-5.8921712999999984,-35.237645,1.0
226,226,226,226,59147130,5,5,-5.8945074,-35.2693061,0.5
227,227,227,227,59090310,5,7,,,0.4166666666666667
228,228,228,228,59995000,5,4,,,0.5555555555555556
229,229,229,229,59068310,5,7,-5.853871,-35.24123600000001,0.4166666666666667
230,230,230,230,59123345,4,1,,,0.8
231,231,231,231,59037390,4,5,-5.8050386,-35.22195749999999,0.4444444444444444
232,232,232,232,59031150,4,2,-5.8031682999999985,-35.2124854,0.6666666666666666
233,233,233,233,59031120,4,2,-5.805763400000001,-35.2123139,0.6666666666666666
234,234,234,234,59122262,4,5,-5.7462423,-35.2366218,0.4444444444444444
235,235,235,235,59122120,4,5,-5.750660799999999,-35.2035369,0.4444444444444444
236,236,236,236,59152623,4,6,,,0.4
237,237,237,237,59140020,4,4,-5.9101284000000005,-35.2599178,0.5
238,238,238,238,59065290,4,7,-5.834346900000001,-35.2169678,0.3636363636363637
239,239,239,239,59136160,4,1,-5.7231887000000015,-35.2485232,0.8
240,240,240,240,59138490,4,12,,,0.25
241,241,241,241,59247000,4,5,-6.1459019,-35.5110513,0.4444444444444444
242,242,242,242,59030490,4,0,,,1.0
243,243,243,243,59090320,4,9,-5.8866665000000005,-35.1703225,0.3076923076923077
244,244,244,244,59122080,4,2,-5.7469871,-35.206206,0.6666666666666666
245,245,245,245,59104230,4,1,-5.772736599999999,-35.25487469999999,0.8
246,246,246,246,59010670,4,6,-5.7714987,-35.2016784,0.4
247,247,247,247,59066030,4,3,-5.847696599999999,-35.2174828,0.5714285714285714
248,248,248,248,59152780,4,8,,,0.3333333333333333
249,249,249,249,12723000,4,4,,,0.5
250,250,250,250,59082190,4,6,-5.8641929999999975,-35.191392,0.4
251,251,251,251,59076700,4,0,-5.834340900000001,-35.207,1.0
252,252,252,252,59062000,4,1,,,0.8
253,253,253,253,59015400,4,9,-5.8133627999999975,-35.19688710000001,0.3076923076923077
254,254,254,254,59015430,4,8,-5.816641100000001,-35.2000152,0.3333333333333333
255,255,255,255,59075010,4,4,-5.8209425999999995,-35.2108254,0.5
256,256,256,256,59110000,4,6,-5.756317900000001,-35.25593509999999,0.4
257,257,257,257,59068380,4,4,-5.8564827999999975,-35.23657160000001,0.5
258,258,258,258,12710520,4,5,-22.5667873,-44.9585016,0.4444444444444444
259,259,259,259,59072610,4,11,,,0.26666666666666666
260,260,260,260,59022180,4,3,-5.8072551,-35.20374210000001,0.5714285714285714
261,261,261,261,59068650,4,6,-5.851741400000001,-35.236902,0.4
262,262,262,262,59170000,4,8,-6.1869538,-35.2038559,0.3333333333333333
263,263,263,263,59628608,4,6,-5.2317843,-37.31848919999999,0.4
264,264,264,264,59020130,4,0,-5.7896813,-35.2054434,1.0
265,265,265,265,59020620,4,2,-5.8035653,-35.2034256,0.6666666666666666
266,266,266,266,5021000,4,2,,,0.6666666666666666
267,267,267,267,59052220,4,0,-5.8099273999999985,-35.23154779999999,1.0
268,268,268,268,51020011,4,5,-8.113312599999999,-34.891791600000005,0.4444444444444444
269,269,269,269,59145510,4,7,-5.9140199,-35.2809816,0.3636363636363637
270,270,270,270,59080520,4,3,-5.859082,-35.2070605,0.5714285714285714
271,271,271,271,59014680,4,1,,,0.8
272,272,272,272,59151540,4,1,,,0.8
273,273,273,273,59142185,4,0,,,1.0
274,274,274,274,69055021,4,3,-3.0846185,-60.009281200000004,0.5714285714285714
275,275,275,275,53240210,4,4,-8.0082303,-34.8535074,0.5
276,276,276,276,59078970,4,2,,,0.6666666666666666
277,277,277,277,59052700,4,5,-5.8102725999999985,-35.2286208,0.4444444444444444
278,278,278,278,59140780,4,1,-5.9224497000000005,-35.2688586,0.8
279,279,279,279,59141065,4,6,-5.9167511,-35.2755731,0.4
280,280,280,280,59078180,4,6,-5.8440775,-35.20514,0.4
281,281,281,281,59140820,4,2,-5.919927299999999,-35.26801470000001,0.6666666666666666
282,282,282,282,59080370,4,5,-5.8570705,-35.2087753,0.4444444444444444
283,283,283,283,59054375,4,2,-5.808578400000001,-35.2219744,0.6666666666666666
284,284,284,284,59120070,4,3,,,0.5714285714285714
285,285,285,285,59114660,3,8,-5.7592691999999985,-35.2772177,0.2727272727272727
286,286,286,286,59114500,3,1,,,0.75
287,287,287,287,59965000,3,1,,,0.75
288,288,288,288,59155256,3,1,,,0.75
289,289,289,289,59155775,3,6,,,0.3333333333333333
290,290,290,290,59155530,3,1,-5.9249718,-35.2468177,0.75
291,291,291,291,59025470,3,1,-5.7875707000000025,-35.211196,0.75
292,292,292,292,59124230,3,0,-5.743068599999999,-35.24932529999999,1.0
293,293,293,293,59152825,3,1,-5.8904195999999995,-35.213380799999996,0.75
294,294,294,294,59020330,3,9,-5.798324900000001,-35.2027312,0.25
295,295,295,295,59149303,3,1,,,0.75
296,296,296,296,59020110,3,8,,,0.2727272727272727
297,297,297,297,59148900,3,1,,,0.75
298,298,298,298,59148556,3,1,,,0.75
299,299,299,299,59148370,3,1,-5.8909566999999985,-35.2365677,0.75
300,300,300,300,59148350,3,1,-5.8932182,-35.2361375,0.75
301,301,301,301,59060710,3,1,-5.814995400000001,-35.2484465,0.75
302,302,302,302,59151023,3,1,,,0.75
303,303,303,303,59143455,3,5,-5.9378879,-35.2768154,0.375
304,304,304,304,59141450,3,0,-5.9252758000000005,-35.2772855,1.0
305,305,305,305,59056300,3,0,-5.8206238,-35.20494229999999,1.0
306,306,306,306,59014600,3,8,-5.7949613,-35.19826420000001,0.2727272727272727
307,307,307,307,59062257,3,6,-5.8107614000000005,-35.2355189,0.3333333333333333
308,308,308,308,59151800,3,0,-5.8907329000000015,-35.1969792,1.0
309,309,309,309,59140610,3,3,-5.9273094,-35.26405529999999,0.5
310,310,310,310,59139430,3,3,-5.730695,-35.2694183,0.5
311,311,311,311,59152160,3,0,-5.8915793,-35.1915651,1.0
312,312,312,312,59136180,3,8,-5.7220983,-35.2476496,0.2727272727272727
313,313,313,313,59152210,3,1,-5.8951851999999985,-35.1945301,0.75
314,314,314,314,59132510,3,1,-5.7392007000000005,-35.2395372,0.75
315,315,315,315,59132120,3,5,,,0.375
316,316,316,316,59152480,3,1,-5.8902521,-35.20723070000001,0.75
317,317,317,317,59152640,3,3,-5.8995899000000005,-35.2000059,0.5
318,318,318,318,59152690,3,1,-5.8926387999999985,-35.206047399999996,0.75
319,319,319,319,59178000,3,8,-6.2211805999999985,-35.1048713,0.2727272727272727
320,320,320,320,97050023,3,6,-29.685606300000003,-53.8010895,0.3333333333333333
321,321,321,321,59830000,3,0,-5.8499718000000005,-38.08430080000001,1.0
322,322,322,322,59012340,3,0,-5.7833937,-35.1959494,1.0
323,323,323,323,59073120,3,3,-5.8533365,-35.25280420000001,0.5
324,324,324,324,59073143,3,4,-5.8581154,-35.2527301,0.42857142857142855
325,325,325,325,59042250,3,1,-5.7971037,-35.2420726,0.75
326,326,326,326,59560000,3,1,-5.613889500000001,-35.6751446,0.75
327,327,327,327,59091170,3,6,-5.8791945,-35.1983101,0.3333333333333333
328,328,328,328,58401718,3,13,-7.203868899999999,-35.881663,0.1875
329,329,329,329,59075290,3,4,,,0.42857142857142855
330,330,330,330,59075710,3,7,-5.8233087999999995,-35.2154335,0.3
331,331,331,331,59090486,3,4,-5.886096,-35.1710555,0.42857142857142855
332,332,332,332,59230000,3,1,-6.243001599999999,-36.197976399999995,0.75
333,333,333,333,59012330,3,7,-5.7842065,-35.19525820000001,0.3
334,334,334,334,59090000,3,0,,,1.0
335,335,335,335,59088760,3,10,-5.8781604000000005,-35.20415960000001,0.2307692307692308
336,336,336,336,59078160,3,0,-5.8427866999999996,-35.2046555,1.0
337,337,337,337,59012060,3,5,,,0.375
338,338,338,338,59078170,3,3,-5.8431761999999985,-35.2044456,0.5
339,339,339,339,59088460,3,2,-5.8747489999999996,-35.2081547,0.6
340,340,340,340,59318000,3,9,-6.5879135999999985,-37.339976799999995,0.25
341,341,341,341,59080090,3,7,-5.8530016,-35.20474570000001,0.3
342,342,342,342,59082000,3,10,-5.8609254,-35.19550510000001,0.2307692307692308
343,343,343,343,59335000,3,0,-6.1405444000000005,-36.825027399999996,1.0
344,344,344,344,59114020,3,6,-5.7565155,-35.2695997,0.3333333333333333
345,345,345,345,58280000,3,1,-6.6835128999999975,-35.148879,0.75
346,346,346,346,59150330,3,7,-5.8803861,-35.21270399999999,0.3
347,347,347,347,58915000,3,1,-6.5137158999999984,-38.3797799,0.75
348,348,348,348,59070620,3,11,,,0.21428571428571427
349,349,349,349,59068570,3,5,-5.8524284999999985,-35.2401434,0.375
350,350,350,350,59110610,3,11,-5.7589958,-35.25666140000001,0.21428571428571427
351,351,351,351,59213000,3,1,-6.4408579,-35.93699520000001,0.75
352,352,352,352,22725150,3,1,-22.9091329,-43.3909325,0.75
353,353,353,353,59600200,3,7,-5.1939994999999985,-37.3437227,0.3
354,354,354,354,59037000,3,6,-5.8000587999999995,-35.22192620000001,0.3333333333333333
355,355,355,355,18682430,3,4,-22.619056,-48.8018984,0.42857142857142855
356,356,356,356,59108000,3,2,,,0.6
357,357,357,357,59064902,3,6,,,0.3333333333333333
358,358,358,358,59072820,3,9,,,0.25
359,359,359,359,59037250,3,12,-5.8048205,-35.2314333,0.2
360,360,360,360,59150446,2,2,,,0.5
361,361,361,361,59078460,2,3,,,0.4
362,362,362,362,59082140,2,1,-5.863079,-35.1959036,0.6666666666666666
363,363,363,363,59143250,2,2,,,0.5
364,364,364,364,59068820,2,0,-5.8550217,-35.2335208,1.0
365,365,365,365,59149323,2,3,-5.8807111,-35.248092299999996,0.4
366,366,366,366,52110000,2,1,-8.029342999999999,-34.897263,0.6666666666666666
367,367,367,367,59470000,2,2,,,0.5
368,368,368,368,59151550,2,2,-5.886822,-35.2013643,0.5
369,369,369,369,59060215,2,3,,,0.4
370,370,370,370,59080100,2,5,-5.8514599999999986,-35.2063837,0.2857142857142857
371,371,371,371,59430000,2,1,-6.0230027,-35.8498078,0.6666666666666666
372,372,372,372,59054060,2,2,-5.806560699999999,-35.225673,0.5
373,373,373,373,59149326,2,0,-5.8805438,-35.24860560000001,1.0
374,374,374,374,59054550,2,3,-5.817342,-35.2211281,0.4
375,375,375,375,59149316,2,2,-5.8809884000000014,-35.24723789999999,0.5
376,376,376,376,59070370,2,1,-5.828476999999999,-35.2360453,0.6666666666666666
377,377,377,377,59141180,2,3,-5.918807699999999,-35.27267310000001,0.4
378,378,378,378,59141070,2,2,,,0.5
379,379,379,379,55014330,2,2,-8.2669391,-35.9730744,0.5
380,380,380,380,59148430,2,1,-5.8913959,-35.2344219,0.6666666666666666
381,381,381,381,59145450,2,4,-5.9170269,-35.2798098,0.3333333333333333
382,382,382,382,59067620,2,1,,,0.6666666666666666
383,383,383,383,59147140,2,2,-5.8941047,-35.26919229999999,0.5
384,384,384,384,59073100,2,2,,,0.5
385,385,385,385,59148630,2,0,-5.8791988,-35.23621729999999,1.0
386,386,386,386,59148333,2,8,-5.8931878,-35.2366861,0.2
387,387,387,387,59150690,2,1,,,0.6666666666666666
388,388,388,388,59060530,2,0,,,1.0
389,389,389,389,59151000,2,8,-5.8805345,-35.210330600000006,0.2
390,390,390,390,59631450,2,4,-5.21713,-37.33824420000001,0.3333333333333333
391,391,391,391,59074120,2,4,-5.8226043,-35.2636073,0.3333333333333333
392,392,392,392,59147230,2,0,,,1.0
393,393,393,393,46400000,2,4,-13.9826834,-42.5117238,0.3333333333333333
394,394,394,394,59144850,2,1,-5.9436512000000015,-35.28800779999999,0.6666666666666666
395,395,395,395,59146415,2,8,-5.9001229,-35.25803300000001,0.2
396,396,396,396,59146230,2,2,,,0.5
397,397,397,397,59015350,2,4,-5.8042696,-35.2091494,0.3333333333333333
398,398,398,398,71100131,2,0,,,1.0
399,399,399,399,59054680,2,2,-5.8116987,-35.21329429999999,0.5
400,400,400,400,59076500,2,1,-5.8304601,-35.2053862,0.6666666666666666
401,401,401,401,59072105,2,3,,,0.4
402,402,402,402,59015140,2,0,-5.8066906,-35.201747,1.0
403,403,403,403,59056100,2,2,-5.8125985999999985,-35.2083226,0.5
404,404,404,404,59064550,2,4,,,0.3333333333333333
405,405,405,405,59140120,2,6,-5.9153639999999985,-35.25937670000001,0.25
406,406,406,406,59084230,2,0,-5.8670013,-35.2027604,1.0
407,407,407,407,59125190,2,2,-5.7491224,-35.2429651,0.5
408,408,408,408,59084340,2,2,,,0.5
409,409,409,409,59091030,2,0,,,1.0
410,410,410,410,59042350,2,0,,,1.0
411,411,411,411,59092280,2,0,-5.8767532,-35.184619,1.0
412,412,412,412,59123470,2,1,,,0.6666666666666666
413,413,413,413,59064245,2,7,,,0.2222222222222222
414,414,414,414,59094390,2,10,-5.8723579999999975,-35.1850844,0.16666666666666666
415,415,415,415,59094520,2,9,-5.8748639,-35.1823186,0.18181818181818185
416,416,416,416,59032230,2,0,-5.8090274000000015,-35.2121498,1.0
417,417,417,417,59219000,2,5,-6.2253084,-35.4014708,0.2857142857142857
418,418,418,418,59104250,2,2,,,0.5
419,419,419,419,59104290,2,2,-5.7643889,-35.268997399999996,0.5
420,420,420,420,59064364,2,1,,,0.6666666666666666
421,421,421,421,59120390,2,5,-5.7586205,-35.2424769,0.2857142857142857
422,422,422,422,59120220,2,1,,,0.6666666666666666
423,423,423,423,59106130,2,4,-5.7666617,-35.2707383,0.3333333333333333
424,424,424,424,59115685,2,4,-5.7446706,-35.271932899999996,0.3333333333333333
425,425,425,425,59214000,2,0,-6.4228388,-35.718846299999996,1.0
426,426,426,426,59115410,2,3,,,0.4
427,427,427,427,59157218,2,4,,,0.3333333333333333
428,428,428,428,59110050,2,2,-5.7575892,-35.25415,0.5
429,429,429,429,59114744,2,0,,,1.0
430,430,430,430,59110680,2,3,,,0.4
431,431,431,431,59164000,2,0,,,1.0
432,432,432,432,59012490,2,3,-5.782132099999999,-35.20294129999999,0.4
433,433,433,433,59035470,2,1,,,0.6666666666666666
434,434,434,434,59114205,2,2,-5.7587462999999985,-35.2703046,0.5
435,435,435,435,59112470,2,8,,,0.2
436,436,436,436,59890000,2,1,,,0.6666666666666666
437,437,437,437,59125110,2,12,,,0.14285714285714285
438,438,438,438,59124400,2,0,-5.746828599999999,-35.2463602,1.0
439,439,439,439,59135650,2,1,-5.7279392,-35.2514011,0.6666666666666666
440,440,440,440,64800000,2,1,,,0.6666666666666666
441,441,441,441,59086040,2,2,-5.8629637,-35.2080355,0.5
442,442,442,442,59062560,2,0,,,1.0
443,443,443,443,59010070,2,3,,,0.4
444,444,444,444,59066380,2,3,-5.8656785000000005,-35.22385720000001,0.4
445,445,445,445,59051000,2,7,-5.804454,-35.22817689999999,0.2222222222222222
446,446,446,446,59138150,2,2,-5.7354951,-35.2653445,0.5
447,447,447,447,59135760,2,4,-5.7250527999999985,-35.2508583,0.3333333333333333
448,448,448,448,59135706,2,2,,,0.5
449,449,449,449,59152185,2,2,-5.8910092,-35.1916388,0.5
450,450,450,450,59132694,2,4,-5.721785400000001,-35.2397506,0.3333333333333333
451,451,451,451,59056290,2,0,,,1.0
452,452,452,452,59114230,2,7,-5.745995,-35.268209999999996,0.2222222222222222
453,453,453,453,59258000,2,2,,,0.5
454,454,454,454,59090430,2,2,-5.881602,-35.1772206,0.5
455,455,455,455,59063400,2,0,-5.826209299999999,-35.2197297,1.0
456,456,456,456,59056520,2,0,,,1.0
457,457,457,457,59090080,2,5,-5.8736611,-35.1790229,0.2857142857142857
458,458,458,458,59129280,2,0,-5.7413583999999975,-35.255363,1.0
459,459,459,459,59150655,1,1,,,0.5
460,460,460,460,59655000,1,1,-5.0173185,-37.0829593,0.5
461,461,461,461,59227000,1,4,-6.3942071999999985,-35.6314191,0.2
462,462,462,462,59150440,1,1,-5.8763857,-35.2155778,0.5
463,463,463,463,85980000,1,2,-24.2114525,-54.215646,0.3333333333333333
464,464,464,464,59151120,1,2,,,0.3333333333333333
465,465,465,465,59780000,1,0,-5.7024931,-37.5534526,1.0
466,466,466,466,59151650,1,1,-5.885781400000001,-35.1977381,0.5
467,467,467,467,59607250,1,2,-5.183228,-37.361479700000004,0.3333333333333333
468,468,468,468,59152080,1,3,-5.890698500000001,-35.19459660000001,0.25
469,469,469,469,76900244,1,1,-10.887659,-61.95143469999999,0.5
470,470,470,470,59605090,1,1,-5.1955767999999996,-37.3551167,0.5
471,471,471,471,59010085,1,2,-5.7781818,-35.1958652,0.3333333333333333
472,472,472,472,59010130,1,1,-5.7770880999999985,-35.19755220000001,0.5
473,473,473,473,59156845,1,2,,,0.3333333333333333
474,474,474,474,59152901,1,4,,,0.2
475,475,475,475,59151390,1,4,,,0.2
476,476,476,476,59680000,1,0,-5.8913185,-37.339976799999995,1.0
477,477,477,477,59507000,1,3,-5.3675174000000005,-36.71728820000001,0.25
478,478,478,478,59152330,1,5,-5.888870099999999,-35.205362799999996,0.16666666666666666
479,479,479,479,63900000,1,6,-4.9584844000000015,-38.9459326,0.14285714285714285
480,480,480,480,59151436,1,2,-5.8880912000000025,-35.20175289999999,0.3333333333333333
481,481,481,481,59151380,1,1,-5.8861833,-35.20116420000001,0.5
482,482,482,482,59056340,1,0,-5.8172795,-35.2009192,1.0
483,483,483,483,59150260,1,2,,,0.3333333333333333
484,484,484,484,59150200,1,0,,,1.0
485,485,485,485,59088100,1,1,,,0.5
486,486,486,486,59050010,1,4,,,0.2
487,487,487,487,59088500,1,1,-5.872688399999999,-35.2088178,0.5
488,488,488,488,59088725,1,3,-5.8769443999999975,-35.2035864,0.25
489,489,489,489,59088750,1,0,-5.8751277,-35.2027336,1.0
490,490,490,490,59090315,1,2,,,0.3333333333333333
491,491,491,491,59090321,1,1,-5.8861617,-35.1674679,0.5
492,492,492,492,59090495,1,0,-5.8871234,-35.173804,1.0
493,493,493,493,59104095,1,2,-5.7713173,-35.2546924,0.3333333333333333
494,494,494,494,59112120,1,0,-5.7574979000000015,-35.2612264,1.0
495,495,495,495,59086300,1,2,-5.8657549000000015,-35.2087297,0.3333333333333333
496,496,496,496,59114145,1,2,-5.7556764000000005,-35.2703215,0.3333333333333333
497,497,497,497,59114151,1,3,-5.756086,-35.2754256,0.25
498,498,498,498,59114240,1,1,,,0.5
499,499,499,499,59035170,1,1,-5.8021628,-35.231440899999996,0.5
500,500,500,500,59035030,1,2,-5.800793799999999,-35.23473679999999,0.3333333333333333
501,501,501,501,59115553,1,4,,,0.2
502,502,502,502,59032390,1,0,-5.8079649999999985,-35.215666999999996,1.0
503,503,503,503,59115684,1,2,,,0.3333333333333333
504,504,504,504,59120520,1,6,-5.7578799000000025,-35.2377161,0.14285714285714285
505,505,505,505,59086620,1,4,-5.864699,-35.2063721,0.2
506,506,506,506,59086070,1,1,-5.863128400000001,-35.2075319,0.5
507,507,507,507,59123445,1,3,-5.7418254,-35.2446551,0.25
508,508,508,508,59068060,1,0,-5.8630141,-35.23905689999999,1.0
509,509,509,509,59062305,1,3,-5.814161299999999,-35.2398333,0.25
510,510,510,510,59063110,1,0,-5.8219933999999975,-35.220591799999994,1.0
511,511,511,511,59063280,1,7,-5.824443799999999,-35.218131299999996,0.125
512,512,512,512,59064330,1,7,-5.8277455,-35.22217120000001,0.125
513,513,513,513,59064490,1,2,,,0.3333333333333333
514,514,514,514,59064530,1,6,-5.8382492999999975,-35.21309210000001,0.14285714285714285
515,515,515,515,59067270,1,2,-5.865444099999999,-35.233721300000006,0.3333333333333333
516,516,516,516,59067350,1,4,,,0.2
517,517,517,517,59067550,1,4,-5.8664349,-35.2282622,0.2
518,518,518,518,59070330,1,1,,,0.5
519,519,519,519,59052205,1,1,-5.810923499999999,-35.23108320000001,0.5
520,520,520,520,59071470,1,2,-5.8228333,-35.2410128,0.3333333333333333
521,521,521,521,59072480,1,3,,,0.25
522,522,522,522,59073090,1,3,-5.8488690000000005,-35.2550239,0.25
523,523,523,523,59074368,1,2,-5.8288867,-35.2579799,0.3333333333333333
524,524,524,524,59075750,1,0,,,1.0
525,525,525,525,59076150,1,1,,,0.5
526,526,526,526,59078200,1,0,,,1.0
527,527,527,527,59080015,1,0,,,1.0
528,528,528,528,59082010,1,0,-5.8547096,-35.2031473,1.0
529,529,529,529,59122510,1,1,-5.749173499999999,-35.23582800000001,0.5
530,530,530,530,59125470,1,2,-5.8887941,-35.164707899999996,0.3333333333333333
531,531,531,531,59142714,1,3,-5.9282829,-35.29013,0.25
532,532,532,532,59149220,1,0,-5.884789899999999,-35.249424499999996,1.0
533,533,533,533,59140770,1,2,-5.922969699999999,-35.2691403,0.3333333333333333
534,534,534,534,59139410,1,3,,,0.25
535,535,535,535,59138650,1,1,-5.730610200000001,-35.25901959999999,0.5
536,536,536,536,59141040,1,2,-5.916774999999999,-35.2693109,0.3333333333333333
537,537,537,537,59133305,1,3,-5.7397754,-35.23451160000001,0.25
538,538,538,538,59141210,1,0,-5.9198847,-35.27278070000001,1.0
539,539,539,539,59141715,1,2,,,0.3333333333333333
540,540,540,540,59147410,1,2,-5.8997224,-35.274101,0.3333333333333333
541,541,541,541,59147540,1,3,-5.902774,-35.270288799999996,0.25
542,542,542,542,59022390,1,1,-5.808438400000001,-35.2108222,0.5
543,543,543,543,59148670,1,0,-5.881086499999999,-35.2375966,1.0
544,544,544,544,59140750,1,2,,,0.3333333333333333
545,545,545,545,59132000,1,1,-5.7314677000000005,-35.2385907,0.5
546,546,546,546,59142330,1,0,,,1.0
547,547,547,547,59131370,1,6,-5.7241705000000005,-35.2448077,0.14285714285714285
548,548,548,548,59129431,1,1,,,0.5
549,549,549,549,59146030,1,1,-5.9088523,-35.2746699,0.5
550,550,550,550,59146060,1,2,-5.9065246,-35.27425239999999,0.3333333333333333
551,551,551,551,59144164,1,1,-5.946836200000001,-35.2784181,0.5
552,552,552,552,59149313,1,1,-5.880684,-35.245911,0.5
553,553,553,553,59129350,1,1,-5.743891899999999,-35.2576256,0.5
554,554,554,554,59149356,1,6,-5.8795753999999985,-35.25157210000001,0.14285714285714285
555,555,555,555,59146260,1,2,-5.907397799999999,-35.2689719,0.3333333333333333
556,556,556,556,59022545,1,1,-5.801233,-35.2063883,0.5
557,557,557,557,59146130,0,2,,,0.0
558,558,558,558,59073145,0,5,,,0.0
559,559,559,559,59020010,0,2,-5.782667900000001,-35.201280499999996,0.0
560,560,560,560,59054600,0,2,,,0.0
561,561,561,561,59054831,0,3,,,0.0
562,562,562,562,59071030,0,2,-5.826669,-35.24061920000001,0.0
563,563,563,563,59072080,0,1,-5.8211616999999976,-35.24627879999999,0.0
564,564,564,564,59054580,0,1,-5.8089496,-35.2158539,0.0
565,565,565,565,59072420,0,2,-5.8301640999999975,-35.2482334,0.0
566,566,566,566,59068450,0,2,-5.8627934999999995,-35.233264399999996,0.0
567,567,567,567,59619140,0,2,-5.1794669,-37.3476086,0.0
568,568,568,568,59056215,0,2,,,0.0
569,569,569,569,59060370,0,3,-5.8172928,-35.2343096,0.0
570,570,570,570,76963600,0,4,,,0.0
571,571,571,571,59060450,0,2,-5.8202235,-35.2315782,0.0
572,572,572,572,59062170,0,2,,,0.0
573,573,573,573,59020660,0,2,-5.8031983,-35.2024947,0.0
574,574,574,574,59020310,0,2,-5.798113,-35.2014151,0.0
575,575,575,575,59149370,0,4,-5.8789609999999985,-35.25321690000001,0.0
576,576,576,576,59064720,0,6,,,0.0
577,577,577,577,59070110,0,3,-5.829606099999999,-35.233993,0.0
578,578,578,578,59065090,0,1,,,0.0
579,579,579,579,59066120,0,4,-5.8461045999999985,-35.2125631,0.0
580,580,580,580,59068210,0,2,-5.8582822,-35.24161859999999,0.0
581,581,581,581,59068400,0,2,-5.858783499999999,-35.236467,0.0
582,582,582,582,51020041,0,2,,,0.0
583,583,583,583,59631360,0,1,-5.2144163,-37.3417575,0.0
584,584,584,584,59069280,0,2,-5.8448915,-35.2409323,0.0
585,585,585,585,59025360,0,1,-5.7825107000000004,-35.2082816,0.0
586,586,586,586,59123465,0,2,,,0.0
587,587,587,587,59145500,0,1,-5.9148188999999975,-35.28040700000001,0.0
588,588,588,588,59078290,0,1,-5.846659499999999,-35.2066364,0.0
589,589,589,589,59110270,0,4,-5.7558417,-35.2525745,0.0
590,590,590,590,59210000,0,1,-6.3948424999999975,-36.06759520000001,0.0
591,591,591,591,59133040,0,2,-5.7368692999999995,-35.24011270000001,0.0
592,592,592,592,59114010,0,2,,,0.0
593,593,593,593,59114035,0,1,-5.7591563,-35.2642181,0.0
594,594,594,594,59114050,0,4,-5.7623419,-35.26686189999999,0.0
595,595,595,595,59014170,0,1,-5.7861897,-35.19202329999999,0.0
596,596,596,596,59129470,0,1,-5.7433234,-35.2655929,0.0
597,597,597,597,59114420,0,1,-5.7614792999999995,-35.27610379999999,0.0
598,598,598,598,59115110,0,1,-5.7581668,-35.2816351,0.0
599,599,599,599,59158840,0,2,,,0.0
600,600,600,600,59115260,0,3,-5.759648700000001,-35.28403839999999,0.0
601,601,601,601,59014150,0,2,,,0.0
602,602,602,602,59115610,0,2,,,0.0
603,603,603,603,59129330,0,2,-5.742749799999999,-35.25784260000001,0.0
604,604,604,604,59123690,0,2,-5.7445448,-35.2386606,0.0
605,605,605,605,59152902,0,1,,,0.0
606,606,606,606,59108220,0,2,-5.7630779,-35.256003899999996,0.0
607,607,607,607,59152250,0,1,,,0.0
608,608,608,608,59104210,0,2,,,0.0
609,609,609,609,59082480,0,1,-5.8668792000000005,-35.199693599999996,0.0
610,610,610,610,59078420,0,1,-5.8447729000000015,-35.196877,0.0
611,611,611,611,53130540,0,1,,,0.0
612,612,612,612,59078480,0,2,-5.8512832999999995,-35.2002686,0.0
613,613,613,613,59123580,0,2,-5.7393066,-35.243835,0.0
614,614,614,614,58178000,0,2,-6.4551163,-36.197976399999995,0.0
615,615,615,615,59082110,0,3,-5.8592280999999975,-35.1976674,0.0
616,616,616,616,58840000,0,2,-6.8070569,-37.830003399999995,0.0
617,617,617,617,59086430,0,1,-5.8686501999999985,-35.2084724,0.0
618,618,618,618,59135350,0,1,-5.7319149000000005,-35.2523609,0.0
619,619,619,619,59315000,0,1,-6.766866900000001,-37.1044125,0.0
620,620,620,620,59151750,0,5,,,0.0
621,621,621,621,59012090,0,3,,,0.0
622,622,622,622,59275000,0,2,-6.2806868,-35.718846299999996,0.0
623,623,623,623,59090200,0,1,-5.8870752,-35.1737745,0.0
624,624,624,624,59152110,0,4,-5.8932444,-35.19321070000001,0.0
625,625,625,625,59136190,0,2,-5.7217549000000005,-35.2476306,0.0
626,626,626,626,59037370,0,1,-5.8059007000000005,-35.2233956,0.0
